1,fyh411,Feng Yuhao,110,10
2,ljy411,Li Jingyu,119,43
3,sjd411,Shen Junda,120,36
4,zyt411,Zhou Yutao,911,46
5,SchmittNantes411,Schmitt Carine,40322555,17
6,KingLasVegas411,King Jean,7025551838,31
7,FergusonMelbourne411,Ferguson Peter,395204555,43
8,LabruneNantes411,Labrune Janine,40678555,2
9,BergulfsenStavern411,Bergulfsen Jonas,7989555,27
10,NelsonSanRafael411,Nelson Susan,4155551450,41
11,PiestrzeniewiczWarszawa411,Piestrzeniewicz Zbyszek,266427555,42
12,KeitelFrankfurt411,Keitel Roland,4.97E+11,31
13,MurphySanFrancisco411,Murphy Julie,6505555787,2
14,LeeNYC411,Lee Kwai,2125557818,14
15,FreyreMadrid411,Freyre Diego,915559444,7
16,BerglundLuleå411,Berglund Christina,921123555,4
17,PetersenKobenhavn411,Petersen Jytte,31123555,26
18,SaveleyLyon411,Saveley Mary,78325555,49
19,NatividadSingapore411,Natividad Eric,652217555,5
20,YoungNYC411,Young Jeff,2125557413,30
21,LeongAllentown411,Leong Kelvin,2155551555,18
22,HashimotoBurlingame411,Hashimoto Juri,6505556809,11
23,VictorinoSingapore411,Victorino Wendy,652241555,34
24,OeztanBergen411,Oeztan Veysel,4722673215,34
25,FrancoNewHaven411,Franco Keith,2035557845,21
26,deCastroLisboa411,de Castro Isabel,13565555,40
27,RancéLille411,Rancé Martine,20161555,17
28,BertrandParis411,Bertrand Marie,142342555,23
29,TsengCambridge411,Tseng Jerry,6175555555,31
30,KingBridgewater411,King Julie,2035552570,23
31,KentaryKita-ku411,Kentary Mory,8.11E+11,21
32,FrickNYC411,Frick Michael,2125551500,35
33,KarttunenHelsinki411,Karttunen Matti,902248555,36
34,AshworthManchester411,Ashworth Rachel,1715551555,37
35,CassidyDublin411,Cassidy Dean,35318621555,7
36,TaylorBrickhaven411,Taylor Leslie,6175558428,43
37,DevonLiverpool411,Devon Elizabeth,1715552282,47
38,TamuriVancouver411,Tamuri Yoshi,6045553392,36
39,BarajasBrickhaven411,Barajas Miguel,6175557555,48
40,YoungPasadena411,Young Julie,6265557265,49
41,WalkerSingapore411,Walker Brydey,61294111555,44
42,CiteauxStrasbourg411,Citeaux Frédérique,88601555,5
43,GaoCentralHongKong411,Gao Mike,85222511555,33
44,SaavedraBarcelona411,Saavedra Eduardo,932034555,36
45,YoungGlendale411,Young Mary,3105552373,33
46,KlossCunewalde411,Kloss Horst,372555188,43
47,IbsenÅrhus411,Ibsen Palle,86213555,3
48,FresnièreMontréal411,Fresnière Jean,5145558054,44
49,CaminoMadrid411,Camino Alejandra,917456555,43
50,ThompsonSanDiego411,Thompson Valarie,7605558146,5
51,BennettCowes411,Bennett Helen,1985558888,7
52,RouletToulouse411,Roulet Annette,61776555,2
53,MessnerFrankfurt411,Messner Renate,690555984,35
54,AccortiTorino411,Accorti Paolo,114988555,21
55,DaSilvaParis411,Da Silva Daniel,33146627555,34
56,ToniniVersailles411,Tonini Daniel,30598555,24
57,PfalzheimKöln411,Pfalzheim Henriette,2215554327,48
58,LincolnTsawassen411,Lincoln Elizabeth,6045554555,28
59,FrankenMünchen411,Franken Peter,890877555,21
60,O'HaraNorthSydney411,O'Hara Anna,299368555,49
61,RovelliBergamo411,Rovelli Giovanni,35640555,11
62,HuxleyChatswood411,Huxley Adrian,61294958555,9
63,HernandezCambridge411,Hernandez Marta,6175558555,31
64,HarrisonFribourg411,Harrison Ed,41264255001,44
65,HolzGenève411,Holz Mihael,897034555,5
66,KlaeboeOslo411,Klaeboe Jan,4722121555,17
67,SchuylerAmsterdam411,Schuyler Bradley,31204919555,42
68,AndersenBerlin411,Andersen Mel,300074555,14
69,KoskitaloOulu411,Koskitalo Pirkko,981443655,3
70,DeweyBruxelles411,Dewey Catherine,2555467,12
71,FrickWhitePlains411,Frick Steve,9145554562,23
72,HuangNewBedford411,Huang Wing,5085559555,32
73,BrownSanFrancisco411,Brown Julie,6505551386,11
74,GrahamAuckland411,Graham Mike,6493125555,44
75,BrownLondon411,Brown Ann,1715550297,17
76,BrownNewark411,Brown William,2015559350,14
77,CalaghanSouthBrisbane411,Calaghan Ben,61738446555,13
78,SuominenEspoo411,Suominen Kalle,35898045555,14
79,CramerBrandenburg411,Cramer Philip,55509555,2
80,CervantesPhiladelphia411,Cervantes Francisca,2155554695,37
81,FernandezMadrid411,Fernandez Jesus,34913728555,28
82,ChandlerLosAngeles411,Chandler Brian,2155554369,34
83,McKennaCork411,McKenna Patricia,2967555,27
84,LebihanMarseille411,Lebihan Laurence,91244555,35
85,HenriotReims411,Henriot Paul,26471555,31
86,KugerHatfield411,Kuger Armand,27215503555,26
87,MacKinlayAuckland411,MacKinlay Wales,6493763555,49
88,JosephsMünster411,Josephs Karin,251555259,34
89,YoshidoBoston411,Yoshido Juri,6175559555,20
90,YoungNashua411,Young Dorothy,6035558647,4
91,RodriguezLisboa411,Rodriguez Lino,13542555,33
92,UrsBern411,Urs Braun,452076555,9
93,NelsonBrickhaven411,Nelson Allen,6175558555,22
94,CartrainCharleroi411,Cartrain Pascale,7123672555,30
95,PippsSalzburg411,Pipps Georg,65629555,22
96,CruzMakatiCity411,Cruz Arnold,6325553587,19
97,MoroniReggioEmilia411,Moroni Maurizio,522556555,32
98,ShimamuraMinato-ku411,Shimamura Akiko,81335840555,40
99,PerrierParis411,Perrier Dominique,147556555,41
100,MüllerStuttgart411,Müller Rita,711555361,8
101,McRoyWellington411,McRoy Sarah,44999555,10
102,DonnermeyerMunich411,Donnermeyer Michael,4.99E+11,5
103,HernandezNYC411,Hernandez Maria,2125558493,29
104,FeuerLeipzig411,Feuer Alexander,342555176,34
105,LewisGlendale411,Lewis Dan,2035554407,8
106,LarssonBräcke411,Larsson Martha,695346555,17
107,FrickSanJose411,Frick Sue,4085553659,40
108,MendelGraz411,Mendel Roland,76753555,39
109,MurphyNewHaven411,Murphy Leslie,2035559545,44
110,ChoiNYC411,Choi Yu,2125551957,32
111,SommerMadrid411,Sommer Martín,915552282,42
112,OttliebAachen411,Ottlieb Sven,241039123,47
113,BenitezNewBedford411,Benitez Violeta,5085552555,4
114,AntonMadrid411,Anton Carmen,34913728555,39
115,ClenahanGlenWaverly411,Clenahan Sean,61938446555,23
116,RicottiMilan411,Ricotti Franco,39022515555,26
117,ThompsonBurbank411,Thompson Steve,3105553722,46
118,MoosMannheim411,Moos Hanna,62108555,34
119,SemenovSaintPetersburg411,Semenov Alexander,78122930521,21
120,"Altagar,GMHerzlia411","Altagar,G M Raanan",97299598555,28
121,RoelSevilla411,Roel José Pedro,955558282,16
122,SalazarPhiladelphia411,Salazar Rosa,2155559857,8
123,TaylorBrisbane411,Taylor Sue,4155554312,11
124,SmithLondon411,Smith Thomas,1715557555,46
125,FrancoBoston411,Franco Valarie,6175552555,6
126,SnowdenAuckland411,Snowden Tony,6495555500,47
127,KoskitaloMünchen411,Koskitalo Peter,890877555,12
128,PippsBruxelles411,Pipps Catherine,2555467,23
129,CervantesLeipzig411,Cervantes Alexander,342555176,35
130,LeeSingapore411,Lee Brydey,61294111555,5
131,HernandezKöln411,Hernandez Henriette,2215554327,40
132,ThompsonLille411,Thompson Martine,20161555,14
133,RouletLeipzig411,Roulet Alexander,342555176,45
134,AndersenLisboa411,Andersen Lino,13542555,10
135,MessnerEspoo411,Messner Kalle,35898045555,49
136,PfalzheimMakatiCity411,Pfalzheim Arnold,6325553587,2
137,AndersenMünchen411,Andersen Peter,890877555,45
138,FernandezPhiladelphia411,Fernandez Francisca,2155554695,42
139,MessnerMinato-ku411,Messner Akiko,81335840555,15
140,CartrainMarseille411,Cartrain Laurence,91244555,22
141,DevonCork411,Devon Patricia,2967555,33
142,CruzLuleå411,Cruz Christina,921123555,35
143,ToniniLisboa411,Tonini Lino,13542555,15
144,McRoyChatswood411,McRoy Adrian,61294958555,21
145,YoungKita-ku411,Young Mory,8.11E+11,7
146,HenriotBarcelona411,Henriot Eduardo,932034555,9
147,MoroniMarseille411,Moroni Laurence,91244555,22
148,LebihanVancouver411,Lebihan Yoshi,6045553392,31
149,CalaghanBern411,Calaghan Braun,452076555,30
150,HashimotoÅrhus411,Hashimoto Palle,86213555,4
151,CervantesLeipzig411,Cervantes Alexander,342555176,32
152,NatividadTsawassen411,Natividad Elizabeth,6045554555,40
153,CramerKobenhavn411,Cramer Jytte,31123555,27
154,SaavedraLyon411,Saavedra Mary,78325555,34
155,FeuerLuleå411,Feuer Christina,921123555,43
156,LebihanPasadena411,Lebihan Julie,6265557265,28
157,DeweyFribourg411,Dewey Ed,41264255001,36
158,LincolnFrankfurt411,Lincoln Renate,690555984,33
159,SchuylerFribourg411,Schuyler Ed,41264255001,29
160,YoungBoston411,Young Juri,6175559555,2
161,UrsBrickhaven411,Urs Leslie,6175558428,8
162,SuominenCowes411,Suominen Helen,1985558888,28
163,BerglundCunewalde411,Berglund Horst,372555188,11
164,RancéWellington411,Rancé Sarah,44999555,6
165,YoungNantes411,Young Janine,40678555,17
166,DaSilvaLondon411,Da Silva Ann,1715550297,4
167,HashimotoMadrid411,Hashimoto Diego,915559444,25
168,DevonPhiladelphia411,Devon Francisca,2155554695,32
169,MüllerParis411,Müller Marie,142342555,33
170,O'HaraSalzburg411,O'Hara Georg,65629555,15
171,ToniniMarseille411,Tonini Laurence,91244555,38
172,OeztanMakatiCity411,Oeztan Arnold,6325553587,37
173,McKennaChatswood411,McKenna Adrian,61294958555,4
174,FeuerÅrhus411,Feuer Palle,86213555,40
175,GrahamCowes411,Graham Helen,1985558888,16
176,CaminoNYC411,Camino Maria,2125558493,23
177,KoskitaloParis411,Koskitalo Daniel,33146627555,36
178,FergusonStuttgart411,Ferguson Rita,711555361,17
179,HuangNantes411,Huang Janine,40678555,12
180,MacKinlaySouthBrisbane411,MacKinlay Ben,61738446555,41
181,FrickLisboa411,Frick Lino,13542555,31
182,HuxleyMadrid411,Huxley Jesus,34913728555,14
183,PetersenBurlingame411,Petersen Juri,6505556809,13
184,RancéBarcelona411,Rancé Eduardo,932034555,17
185,FergusonPasadena411,Ferguson Julie,6265557265,30
186,KlossLeipzig411,Kloss Alexander,342555176,4
187,BrownMunich411,Brown Michael,4.99E+11,16
188,AndersenSouthBrisbane411,Andersen Ben,61738446555,8
189,UrsDublin411,Urs Dean,35318621555,37
190,HernandezHatfield411,Hernandez Armand,27215503555,2
191,HernandezBarcelona411,Hernandez Eduardo,932034555,38
192,LewisGenève411,Lewis Mihael,897034555,37
193,YoshidoNewark411,Yoshido William,2015559350,18
194,PfalzheimBerlin411,Pfalzheim Mel,300074555,39
195,FreyreBern411,Freyre Braun,452076555,48
196,HenriotMarseille411,Henriot Laurence,91244555,34
197,UrsLondon411,Urs Ann,1715550297,26
198,BarajasSouthBrisbane411,Barajas Ben,61738446555,30
199,NelsonMelbourne411,Nelson Peter,395204555,15
200,CiteauxLiverpool411,Citeaux Elizabeth,1715552282,5
201,FrankenSingapore411,Franken Eric,652217555,4
202,MacKinlayVersailles411,MacKinlay Daniel,30598555,41
203,HenriotNorthSydney411,Henriot Anna,299368555,23
204,DonnermeyerKöln411,Donnermeyer Henriette,2215554327,40
205,YoshidoAuckland411,Yoshido Mike,6493125555,33
206,AccortiCunewalde411,Accorti Horst,372555188,44
207,DevonBrickhaven411,Devon Miguel,6175557555,43
208,OeztanSanFrancisco411,Oeztan Julie,6505551386,49
209,HuangMontréal411,Huang Jean,5145558054,29
210,ChandlerKita-ku411,Chandler Mory,8.11E+11,7
211,DevonMinato-ku411,Devon Akiko,81335840555,25
212,BergulfsenCowes411,Bergulfsen Helen,1985558888,22
213,RodriguezMünchen411,Rodriguez Peter,890877555,49
214,DonnermeyerStuttgart411,Donnermeyer Rita,711555361,36
215,LeeKöln411,Lee Henriette,2215554327,1
216,HarrisonMarseille411,Harrison Laurence,91244555,25
217,YoungManchester411,Young Rachel,1715551555,26
218,FrankenNorthSydney411,Franken Anna,299368555,23
219,YoungBrickhaven411,Young Miguel,6175557555,4
220,MurphyCork411,Murphy Patricia,2967555,47
221,deCastroMünchen411,de Castro Peter,890877555,3
222,CalaghanVancouver411,Calaghan Yoshi,6045553392,36
223,HenriotCambridge411,Henriot Marta,6175558555,13
224,DevonTsawassen411,Devon Elizabeth,6045554555,44
225,LebihanMakatiCity411,Lebihan Arnold,6325553587,5
226,KeitelPhiladelphia411,Keitel Francisca,2155554695,38
227,FernandezMadrid411,Fernandez Jesus,34913728555,48
228,CartrainPhiladelphia411,Cartrain Francisca,2155554695,12
229,BrownBergamo411,Brown Giovanni,35640555,29
230,KingFrankfurt411,King Roland,4.97E+11,16
231,NelsonGlendale411,Nelson Mary,3105552373,14
232,BennettVancouver411,Bennett Yoshi,6045553392,29
233,BennettChatswood411,Bennett Adrian,61294958555,38
234,YoungFrankfurt411,Young Roland,4.97E+11,36
235,FeuerWhitePlains411,Feuer Steve,9145554562,24
236,CaminoLisboa411,Camino Isabel,13565555,24
237,JosephsOslo411,Josephs Jan,4722121555,36
238,McRoyCentralHongKong411,McRoy Mike,85222511555,37
239,OeztanParis411,Oeztan Daniel,33146627555,5
240,KentaryAmsterdam411,Kentary Bradley,31204919555,43
241,CruzSanDiego411,Cruz Valarie,7605558146,5
242,BerglundCharleroi411,Berglund Pascale,7123672555,12
243,FrankenBern411,Franken Braun,452076555,46
244,CiteauxMadrid411,Citeaux Diego,915559444,28
245,LabruneMinato-ku411,Labrune Akiko,81335840555,11
246,DonnermeyerVancouver411,Donnermeyer Yoshi,6045553392,7
247,LeeBrickhaven411,Lee Allen,6175558555,27
248,DaSilvaMünchen411,Da Silva Peter,890877555,8
249,YoungSanFrancisco411,Young Julie,6505551386,20
250,AccortiStuttgart411,Accorti Rita,711555361,18
251,FrickBergamo411,Frick Giovanni,35640555,19
252,BrownLille411,Brown Martine,20161555,16
253,AndersenBergamo411,Andersen Giovanni,35640555,20
254,LeeBern411,Lee Braun,452076555,33
255,SaavedraLille411,Saavedra Martine,20161555,21
256,DevonMinato-ku411,Devon Akiko,81335840555,37
257,LebihanLosAngeles411,Lebihan Brian,2155554369,35
258,CiteauxNewark411,Citeaux William,2015559350,41
259,CartrainMadrid411,Cartrain Jesus,34913728555,21
260,McKennaBarcelona411,McKenna Eduardo,932034555,23
261,JosephsWarszawa411,Josephs Zbyszek,266427555,33
262,BrownNYC411,Brown Michael,2125551500,31
263,VictorinoStrasbourg411,Victorino Frédérique,88601555,17
264,YoungLyon411,Young Mary,78325555,7
265,McRoyAuckland411,McRoy Mike,6493125555,33
266,BrownNYC411,Brown Maria,2125558493,16
267,NatividadKita-ku411,Natividad Mory,8.11E+11,40
268,DeweyLeipzig411,Dewey Alexander,342555176,34
269,DeweyNYC411,Dewey Michael,2125551500,47
270,KugerAmsterdam411,Kuger Bradley,31204919555,42
271,ToniniWhitePlains411,Tonini Steve,9145554562,37
272,deCastroGlendale411,de Castro Mary,3105552373,4
273,LewisMadrid411,Lewis Jesus,34913728555,40
274,CiteauxNewark411,Citeaux William,2015559350,37
275,PfalzheimTorino411,Pfalzheim Paolo,114988555,18
276,FrickStavern411,Frick Jonas,7989555,4
277,OeztanParis411,Oeztan Daniel,33146627555,16
278,SuominenSingapore411,Suominen Eric,652217555,46
279,FresnièrePhiladelphia411,Fresnière Francisca,2155554695,26
280,CartrainÅrhus411,Cartrain Palle,86213555,28
281,WalkerLisboa411,Walker Lino,13542555,24
282,KlaeboeNorthSydney411,Klaeboe Anna,299368555,49
283,TaylorGlendale411,Taylor Mary,3105552373,37
284,BertrandNewHaven411,Bertrand Keith,2035557845,6
285,HolzNantes411,Holz Janine,40678555,38
286,deCastroMadrid411,de Castro Diego,915559444,26
287,VictorinoKita-ku411,Victorino Mory,8.11E+11,42
288,JosephsGenève411,Josephs Mihael,897034555,3
289,SuominenCambridge411,Suominen Jerry,6175555555,14
290,RovelliWarszawa411,Rovelli Zbyszek,266427555,6
291,TamuriGenève411,Tamuri Mihael,897034555,15
292,HuangBoston411,Huang Juri,6175559555,17
293,TamuriSouthBrisbane411,Tamuri Ben,61738446555,16
294,LewisCowes411,Lewis Helen,1985558888,44
295,FrickCambridge411,Frick Jerry,6175555555,10
296,McRoyCentralHongKong411,McRoy Mike,85222511555,32
297,CruzLuleå411,Cruz Christina,921123555,36
298,DaSilvaDublin411,Da Silva Dean,35318621555,27
299,KlossFrankfurt411,Kloss Roland,4.97E+11,3
300,CiteauxParis411,Citeaux Dominique,147556555,25
301,GrahamMünchen411,Graham Peter,890877555,2
302,MurphyCunewalde411,Murphy Horst,372555188,8
303,ChandlerNorthSydney411,Chandler Anna,299368555,33
304,LincolnManchester411,Lincoln Rachel,1715551555,16
305,BrownLosAngeles411,Brown Brian,2155554369,3
306,MacKinlayParis411,MacKinlay Dominique,147556555,12
307,KoskitaloOslo411,Koskitalo Jan,4722121555,45
308,CruzBergamo411,Cruz Giovanni,35640555,21
309,LincolnLille411,Lincoln Martine,20161555,2
310,BertrandMadrid411,Bertrand Jesus,34913728555,1
311,FeuerGlendale411,Feuer Mary,3105552373,33
312,KeitelGlendale411,Keitel Dan,2035554407,8
313,CassidyParis411,Cassidy Dominique,147556555,23
314,HernandezParis411,Hernandez Marie,142342555,42
315,VictorinoSanFrancisco411,Victorino Julie,6505555787,30
316,PfalzheimBrickhaven411,Pfalzheim Allen,6175558555,3
317,PetersenSingapore411,Petersen Eric,652217555,39
318,NelsonMelbourne411,Nelson Peter,395204555,10
319,CramerParis411,Cramer Marie,142342555,36
320,MacKinlayNYC411,MacKinlay Kwai,2125557818,48
321,HuangNewark411,Huang William,2015559350,16
322,KeitelStavern411,Keitel Jonas,7989555,26
323,FreyreFrankfurt411,Freyre Roland,4.97E+11,44
324,WalkerSingapore411,Walker Wendy,652241555,35
325,FresnièrePasadena411,Fresnière Julie,6265557265,45
326,PerrierKita-ku411,Perrier Mory,8.11E+11,2
327,HashimotoBrickhaven411,Hashimoto Allen,6175558555,20
328,GaoCork411,Gao Patricia,2967555,32
329,SaveleyChatswood411,Saveley Adrian,61294958555,33
330,KoskitaloSanFrancisco411,Koskitalo Julie,6505555787,47
331,MüllerBerlin411,Müller Mel,300074555,28
332,NatividadWellington411,Natividad Sarah,44999555,47
333,PiestrzeniewiczStavern411,Piestrzeniewicz Jonas,7989555,9
334,CaminoMarseille411,Camino Laurence,91244555,29
335,FrickCowes411,Frick Helen,1985558888,6
336,LincolnGenève411,Lincoln Mihael,897034555,38
337,FeuerLeipzig411,Feuer Alexander,342555176,3
338,NelsonStuttgart411,Nelson Rita,711555361,35
339,McKennaGlendale411,McKenna Dan,2035554407,34
340,HenriotCentralHongKong411,Henriot Mike,85222511555,34
341,PfalzheimNewBedford411,Pfalzheim Wing,5085559555,19
342,ShimamuraNYC411,Shimamura Jeff,2125557413,21
343,HuxleyÅrhus411,Huxley Palle,86213555,45
344,SuominenMunich411,Suominen Michael,4.99E+11,40
345,YoungLisboa411,Young Lino,13542555,10
346,NelsonÅrhus411,Nelson Palle,86213555,3
347,RovelliLuleå411,Rovelli Christina,921123555,40
348,LeongNYC411,Leong Kwai,2125557818,37
349,FreyreMadrid411,Freyre Diego,915559444,4
350,YoungLondon411,Young Ann,1715550297,12
351,HashimotoVancouver411,Hashimoto Yoshi,6045553392,4
352,FernandezEspoo411,Fernandez Kalle,35898045555,41
353,TamuriNewark411,Tamuri William,2015559350,29
354,RancéFrankfurt411,Rancé Roland,4.97E+11,7
355,BrownLasVegas411,Brown Jean,7025551838,8
356,McKennaReims411,McKenna Paul,26471555,44
357,HarrisonNewBedford411,Harrison Wing,5085559555,28
358,ToniniLondon411,Tonini Ann,1715550297,5
359,PiestrzeniewiczBurlingame411,Piestrzeniewicz Juri,6505556809,44
360,MessnerTsawassen411,Messner Elizabeth,6045554555,42
361,FrancoParis411,Franco Marie,142342555,18
362,LincolnMinato-ku411,Lincoln Akiko,81335840555,8
363,McKennaCork411,McKenna Patricia,2967555,11
364,HuxleyLisboa411,Huxley Isabel,13565555,33
365,FreyreMünster411,Freyre Karin,251555259,20
366,GrahamMunich411,Graham Michael,4.99E+11,16
367,RouletLosAngeles411,Roulet Brian,2155554369,1
368,McRoyBrickhaven411,McRoy Allen,6175558555,34
369,LewisWellington411,Lewis Sarah,44999555,10
370,WalkerBergen411,Walker Veysel,4722673215,31
371,LincolnBern411,Lincoln Braun,452076555,48
372,SaavedraAmsterdam411,Saavedra Bradley,31204919555,31
373,HernandezSouthBrisbane411,Hernandez Ben,61738446555,47
374,PiestrzeniewiczCharleroi411,Piestrzeniewicz Pascale,7123672555,44
375,YoshidoMarseille411,Yoshido Laurence,91244555,7
376,HernandezGlendale411,Hernandez Mary,3105552373,31
377,ChandlerKita-ku411,Chandler Mory,8.11E+11,14
378,YoungMarseille411,Young Laurence,91244555,3
379,YoungBoston411,Young Juri,6175559555,22
380,PiestrzeniewiczSingapore411,Piestrzeniewicz Brydey,61294111555,27
381,TaylorBrickhaven411,Taylor Leslie,6175558428,19
382,CaminoLasVegas411,Camino Jean,7025551838,25
383,FeuerBern411,Feuer Braun,452076555,7
384,BergulfsenTsawassen411,Bergulfsen Elizabeth,6045554555,27
385,DevonAuckland411,Devon Mike,6493125555,31
386,ThompsonBergamo411,Thompson Giovanni,35640555,1
387,TamuriCambridge411,Tamuri Jerry,6175555555,47
388,HarrisonMontréal411,Harrison Jean,5145558054,22
389,MurphyWarszawa411,Murphy Zbyszek,266427555,39
390,FernandezAuckland411,Fernandez Mike,6493125555,26
391,YoshidoÅrhus411,Yoshido Palle,86213555,14
392,LeeHelsinki411,Lee Matti,902248555,42
393,KingFribourg411,King Ed,41264255001,20
394,ShimamuraCambridge411,Shimamura Jerry,6175555555,46
395,RodriguezCentralHongKong411,Rodriguez Mike,85222511555,30
396,ThompsonTorino411,Thompson Paolo,114988555,2
397,YoungNashua411,Young Dorothy,6035558647,13
398,RodriguezOslo411,Rodriguez Jan,4722121555,17
399,KeitelAllentown411,Keitel Kelvin,2155551555,7
400,SchuylerLasVegas411,Schuyler Jean,7025551838,28
401,OeztanAuckland411,Oeztan Mike,6493125555,9
402,CalaghanBridgewater411,Calaghan Julie,2035552570,43
403,DonnermeyerGenève411,Donnermeyer Mihael,897034555,41
404,AndersenEspoo411,Andersen Kalle,35898045555,44
405,MessnerSingapore411,Messner Wendy,652241555,16
406,DaSilvaParis411,Da Silva Marie,142342555,26
407,RodriguezCharleroi411,Rodriguez Pascale,7123672555,40
408,GrahamNYC411,Graham Michael,2125551500,3
409,FernandezNashua411,Fernandez Dorothy,6035558647,42
410,BergulfsenNashua411,Bergulfsen Dorothy,6035558647,6
411,SchuylerTsawassen411,Schuyler Elizabeth,6045554555,28
412,CervantesMelbourne411,Cervantes Peter,395204555,18
413,YoungNYC411,Young Kwai,2125557818,41
414,IbsenLuleå411,Ibsen Christina,921123555,43
415,YoungBrickhaven411,Young Miguel,6175557555,25
416,BerglundSanRafael411,Berglund Susan,4155551450,38
417,GrahamSanRafael411,Graham Susan,4155551450,38
418,WalkerAuckland411,Walker Wales,6493763555,10
419,YoungMakatiCity411,Young Arnold,6325553587,38
420,LeongCowes411,Leong Helen,1985558888,2
421,YoungGlendale411,Young Dan,2035554407,31
422,GrahamEspoo411,Graham Kalle,35898045555,28
423,RancéNashua411,Rancé Dorothy,6035558647,11
424,DeweySanDiego411,Dewey Valarie,7605558146,39
425,JosephsFribourg411,Josephs Ed,41264255001,3
426,CaminoMontréal411,Camino Jean,5145558054,32
427,RovelliPasadena411,Rovelli Julie,6265557265,43
428,ShimamuraCambridge411,Shimamura Jerry,6175555555,10
429,VictorinoTorino411,Victorino Paolo,114988555,41
430,KarttunenBerlin411,Karttunen Mel,300074555,25
431,BrownFrankfurt411,Brown Roland,4.97E+11,5
432,YoshidoBrickhaven411,Yoshido Allen,6175558555,47
433,TsengMontréal411,Tseng Jean,5145558054,43
434,HernandezAllentown411,Hernandez Kelvin,2155551555,48
435,RouletVersailles411,Roulet Daniel,30598555,23
436,RouletHatfield411,Roulet Armand,27215503555,2
437,OeztanOslo411,Oeztan Jan,4722121555,46
438,SuominenMontréal411,Suominen Jean,5145558054,27
439,YoungMinato-ku411,Young Akiko,81335840555,28
440,PetersenBarcelona411,Petersen Eduardo,932034555,18
441,BergulfsenBrickhaven411,Bergulfsen Allen,6175558555,16
442,KlaeboeBergen411,Klaeboe Veysel,4722673215,16
443,RodriguezLuleå411,Rodriguez Christina,921123555,6
444,MurphyHatfield411,Murphy Armand,27215503555,13
445,HernandezCambridge411,Hernandez Jerry,6175555555,10
446,RovelliBurlingame411,Rovelli Juri,6505556809,17
447,HernandezCambridge411,Hernandez Jerry,6175555555,34
448,PfalzheimBridgewater411,Pfalzheim Julie,2035552570,35
449,BrownCowes411,Brown Helen,1985558888,45
450,KingParis411,King Marie,142342555,12
451,ShimamuraMadrid411,Shimamura Alejandra,917456555,48
452,LeeStrasbourg411,Lee Frédérique,88601555,29
453,PiestrzeniewiczMakatiCity411,Piestrzeniewicz Arnold,6325553587,27
454,GrahamBern411,Graham Braun,452076555,18
455,YoshidoTsawassen411,Yoshido Elizabeth,6045554555,26
456,AndersenLiverpool411,Andersen Elizabeth,1715552282,42
457,PiestrzeniewiczÅrhus411,Piestrzeniewicz Palle,86213555,17
458,OeztanCunewalde411,Oeztan Horst,372555188,28
459,AndersenSingapore411,Andersen Brydey,61294111555,2
460,KlaeboeAuckland411,Klaeboe Mike,6493125555,6
461,PfalzheimTorino411,Pfalzheim Paolo,114988555,28
462,deCastroCambridge411,de Castro Jerry,6175555555,48
463,TsengLisboa411,Tseng Lino,13542555,13
464,HolzHelsinki411,Holz Matti,902248555,40
465,KentarySanDiego411,Kentary Valarie,7605558146,32
466,KoskitaloWellington411,Koskitalo Sarah,44999555,35
467,PiestrzeniewiczOulu411,Piestrzeniewicz Pirkko,981443655,43
468,CiteauxMadrid411,Citeaux Diego,915559444,26
469,UrsReggioEmilia411,Urs Maurizio,522556555,1
470,KlossStuttgart411,Kloss Rita,711555361,6
471,FrickStrasbourg411,Frick Frédérique,88601555,29
472,O'HaraBrickhaven411,O'Hara Miguel,6175557555,25
473,KugerCunewalde411,Kuger Horst,372555188,38
474,BarajasLosAngeles411,Barajas Brian,2155554369,38
475,YoungParis411,Young Daniel,33146627555,27
476,HernandezParis411,Hernandez Daniel,33146627555,41
477,AndersenNewBedford411,Andersen Wing,5085559555,39
478,MüllerMünchen411,Müller Peter,890877555,5
479,HernandezNantes411,Hernandez Janine,40678555,24
480,BrownGenève411,Brown Mihael,897034555,42
481,AndersenKöln411,Andersen Henriette,2215554327,47
482,CaminoSingapore411,Camino Brydey,61294111555,22
483,ThompsonHatfield411,Thompson Armand,27215503555,21
484,KugerSanFrancisco411,Kuger Julie,6505555787,6
485,BertrandParis411,Bertrand Marie,142342555,18
486,AshworthHatfield411,Ashworth Armand,27215503555,47
487,NelsonFrankfurt411,Nelson Renate,690555984,31
488,NatividadLosAngeles411,Natividad Brian,2155554369,20
489,KingBoston411,King Juri,6175559555,22
490,GaoManchester411,Gao Rachel,1715551555,40
491,BergulfsenManchester411,Bergulfsen Rachel,1715551555,35
492,PippsMünster411,Pipps Karin,251555259,24
493,McRoySingapore411,McRoy Wendy,652241555,24
494,MessnerSanFrancisco411,Messner Julie,6505551386,41
495,PippsNantes411,Pipps Janine,40678555,29
496,CaminoAllentown411,Camino Kelvin,2155551555,4
497,FrickNashua411,Frick Dorothy,6035558647,39
498,SchuylerLyon411,Schuyler Mary,78325555,9
499,KarttunenNewark411,Karttunen William,2015559350,47
500,LincolnEspoo411,Lincoln Kalle,35898045555,38
501,PerrierSouthBrisbane411,Perrier Ben,61738446555,14
502,CaminoBurlingame411,Camino Juri,6505556809,23
503,KingFribourg411,King Ed,41264255001,29
504,RodriguezLisboa411,Rodriguez Lino,13542555,17
505,CassidyMadrid411,Cassidy Jesus,34913728555,15
506,PippsMadrid411,Pipps Diego,915559444,3
507,FernandezSouthBrisbane411,Fernandez Ben,61738446555,28
508,RancéSingapore411,Rancé Eric,652217555,44
509,FrankenBrickhaven411,Franken Leslie,6175558428,27
510,KugerSanDiego411,Kuger Valarie,7605558146,25
511,LebihanKobenhavn411,Lebihan Jytte,31123555,24
512,HuangKöln411,Huang Henriette,2215554327,5
513,CalaghanMünchen411,Calaghan Peter,890877555,40
514,UrsGlendale411,Urs Mary,3105552373,44
515,SaavedraStavern411,Saavedra Jonas,7989555,35
516,CassidyLille411,Cassidy Martine,20161555,26
517,FeuerStrasbourg411,Feuer Frédérique,88601555,43
518,CassidyLeipzig411,Cassidy Alexander,342555176,16
519,BennettÅrhus411,Bennett Palle,86213555,25
520,ShimamuraLosAngeles411,Shimamura Brian,2155554369,40
521,KlaeboeMünchen411,Klaeboe Peter,890877555,27
522,DevonChatswood411,Devon Adrian,61294958555,27
523,FrickLiverpool411,Frick Elizabeth,1715552282,44
524,IbsenChatswood411,Ibsen Adrian,61294958555,12
525,LebihanBrickhaven411,Lebihan Miguel,6175557555,29
526,DaSilvaPasadena411,Da Silva Julie,6265557265,31
527,YoshidoTorino411,Yoshido Paolo,114988555,46
528,IbsenLosAngeles411,Ibsen Brian,2155554369,22
529,TamuriWellington411,Tamuri Sarah,44999555,13
530,PetersenMünster411,Petersen Karin,251555259,7
531,BerglundParis411,Berglund Dominique,147556555,25
532,NelsonMarseille411,Nelson Laurence,91244555,46
533,YoungCambridge411,Young Jerry,6175555555,4
534,FreyreHelsinki411,Freyre Matti,902248555,35
535,KeitelAmsterdam411,Keitel Bradley,31204919555,34
536,FrickLondon411,Frick Ann,1715550297,27
537,KingFrankfurt411,King Renate,690555984,43
538,SuominenBrandenburg411,Suominen Philip,55509555,48
539,PetersenSanFrancisco411,Petersen Julie,6505551386,5
540,BarajasLuleå411,Barajas Christina,921123555,46
541,FrancoHelsinki411,Franco Matti,902248555,15
542,DeweyLisboa411,Dewey Lino,13542555,27
543,RovelliCambridge411,Rovelli Marta,6175558555,34
544,HenriotBruxelles411,Henriot Catherine,2555467,18
545,BertrandNantes411,Bertrand Janine,40678555,22
546,HashimotoOulu411,Hashimoto Pirkko,981443655,5
547,YoungSingapore411,Young Brydey,61294111555,36
548,BrownEspoo411,Brown Kalle,35898045555,24
549,FresnièreFribourg411,Fresnière Ed,41264255001,1
550,YoungAuckland411,Young Mike,6493125555,1
551,LeeBrickhaven411,Lee Allen,6175558555,15
552,PerrierKita-ku411,Perrier Mory,8.11E+11,21
553,LincolnLasVegas411,Lincoln Jean,7025551838,15
554,MacKinlayPasadena411,MacKinlay Julie,6265557265,24
555,FresnièreDublin411,Fresnière Dean,35318621555,38
556,BrownNYC411,Brown Michael,2125551500,14
557,BertrandMakatiCity411,Bertrand Arnold,6325553587,15
558,HolzFribourg411,Holz Ed,41264255001,21
559,RodriguezChatswood411,Rodriguez Adrian,61294958555,47
560,FernandezLasVegas411,Fernandez Jean,7025551838,28
561,CassidySouthBrisbane411,Cassidy Ben,61738446555,28
562,CruzBarcelona411,Cruz Eduardo,932034555,30
563,MessnerReims411,Messner Paul,26471555,42
564,CruzWellington411,Cruz Sarah,44999555,25
565,DeweyLeipzig411,Dewey Alexander,342555176,33
566,SchuylerCork411,Schuyler Patricia,2967555,26
567,KingBerlin411,King Mel,300074555,16
568,VictorinoSingapore411,Victorino Wendy,652241555,42
569,RancéNashua411,Rancé Dorothy,6035558647,8
570,HernandezNorthSydney411,Hernandez Anna,299368555,11
571,BergulfsenBarcelona411,Bergulfsen Eduardo,932034555,14
572,FrickReims411,Frick Paul,26471555,6
573,ChandlerLisboa411,Chandler Isabel,13565555,38
574,MessnerGenève411,Messner Mihael,897034555,5
575,McRoyGenève411,McRoy Mihael,897034555,18
576,TsengAuckland411,Tseng Wales,6493763555,32
577,OeztanLiverpool411,Oeztan Elizabeth,1715552282,33
578,CassidyCentralHongKong411,Cassidy Mike,85222511555,5
579,deCastroMadrid411,de Castro Alejandra,917456555,45
580,YoshidoSalzburg411,Yoshido Georg,65629555,31
581,KingBergamo411,King Giovanni,35640555,49
582,RovelliSanFrancisco411,Rovelli Julie,6505555787,39
583,RovelliÅrhus411,Rovelli Palle,86213555,10
584,HuxleyCork411,Huxley Patricia,2967555,24
585,TaylorToulouse411,Taylor Annette,61776555,23
586,KingMünster411,King Karin,251555259,34
587,YoungSanDiego411,Young Valarie,7605558146,1
588,CalaghanGlendale411,Calaghan Dan,2035554407,28
589,FreyreMadrid411,Freyre Alejandra,917456555,8
590,CaminoManchester411,Camino Rachel,1715551555,40
591,ShimamuraNewHaven411,Shimamura Keith,2035557845,45
592,VictorinoBergen411,Victorino Veysel,4722673215,3
593,PetersenLasVegas411,Petersen Jean,7025551838,16
594,MurphyLisboa411,Murphy Lino,13542555,23
595,OeztanFribourg411,Oeztan Ed,41264255001,39
596,PfalzheimNantes411,Pfalzheim Janine,40678555,26
597,PiestrzeniewiczStavern411,Piestrzeniewicz Jonas,7989555,36
598,LewisMakatiCity411,Lewis Arnold,6325553587,6
599,TaylorAuckland411,Taylor Wales,6493763555,7
600,TamuriAuckland411,Tamuri Wales,6493763555,6
601,CaminoMadrid411,Camino Alejandra,917456555,49
602,KingOslo411,King Jan,4722121555,1
603,McKennaSanFrancisco411,McKenna Julie,6505555787,26
604,PfalzheimNorthSydney411,Pfalzheim Anna,299368555,49
605,KugerOulu411,Kuger Pirkko,981443655,46
606,FernandezBrickhaven411,Fernandez Miguel,6175557555,16
607,BarajasDublin411,Barajas Dean,35318621555,49
608,KlaeboeWhitePlains411,Klaeboe Steve,9145554562,30
609,ThompsonVancouver411,Thompson Yoshi,6045553392,3
610,PerrierPhiladelphia411,Perrier Francisca,2155554695,44
611,KentaryBerlin411,Kentary Mel,300074555,39
612,AccortiKita-ku411,Accorti Mory,8.11E+11,14
613,ThompsonReims411,Thompson Paul,26471555,43
614,HernandezLuleå411,Hernandez Christina,921123555,26
615,AshworthNashua411,Ashworth Dorothy,6035558647,49
616,HuangMadrid411,Huang Alejandra,917456555,8
617,LeongNYC411,Leong Maria,2125558493,25
618,CassidyMinato-ku411,Cassidy Akiko,81335840555,1
619,FrickLondon411,Frick Ann,1715550297,46
620,BerglundSanDiego411,Berglund Valarie,7605558146,41
621,LeeSouthBrisbane411,Lee Ben,61738446555,31
622,LeeHelsinki411,Lee Matti,902248555,39
623,ToniniFrankfurt411,Tonini Renate,690555984,33
624,CervantesBern411,Cervantes Braun,452076555,15
625,HernandezCork411,Hernandez Patricia,2967555,5
626,BrownBruxelles411,Brown Catherine,2555467,42
627,CalaghanSanFrancisco411,Calaghan Julie,6505551386,12
628,YoungMünster411,Young Karin,251555259,33
629,LeeSanFrancisco411,Lee Julie,6505551386,42
630,YoungAllentown411,Young Kelvin,2155551555,20
631,BrownCharleroi411,Brown Pascale,7123672555,43
632,LabruneChatswood411,Labrune Adrian,61294958555,33
633,TamuriLeipzig411,Tamuri Alexander,342555176,11
634,JosephsKita-ku411,Josephs Mory,8.11E+11,15
635,FergusonSanDiego411,Ferguson Valarie,7605558146,42
636,YoungMadrid411,Young Diego,915559444,33
637,LincolnNYC411,Lincoln Maria,2125558493,43
638,MoroniNYC411,Moroni Jeff,2125557413,32
639,ToniniMarseille411,Tonini Laurence,91244555,13
640,AshworthNorthSydney411,Ashworth Anna,299368555,34
641,HuangNantes411,Huang Janine,40678555,7
642,KeitelMinato-ku411,Keitel Akiko,81335840555,17
643,FresnièreEspoo411,Fresnière Kalle,35898045555,35
644,SuominenLasVegas411,Suominen Jean,7025551838,47
645,AccortiMakatiCity411,Accorti Arnold,6325553587,11
646,RouletSanFrancisco411,Roulet Julie,6505555787,48
647,DonnermeyerWhitePlains411,Donnermeyer Steve,9145554562,44
648,FreyreBarcelona411,Freyre Eduardo,932034555,43
649,KingNYC411,King Kwai,2125557818,40
650,CartrainHatfield411,Cartrain Armand,27215503555,13
651,AccortiNewBedford411,Accorti Wing,5085559555,32
652,KingCambridge411,King Marta,6175558555,38
653,HernandezPasadena411,Hernandez Julie,6265557265,27
654,AshworthCambridge411,Ashworth Marta,6175558555,32
655,AccortiSouthBrisbane411,Accorti Ben,61738446555,8
656,RancéManchester411,Rancé Rachel,1715551555,13
657,MüllerBrickhaven411,Müller Leslie,6175558428,18
658,KoskitaloManchester411,Koskitalo Rachel,1715551555,1
659,TamuriLosAngeles411,Tamuri Brian,2155554369,36
660,CaminoGlendale411,Camino Dan,2035554407,31
661,YoungToulouse411,Young Annette,61776555,29
662,CartrainMünster411,Cartrain Karin,251555259,19
663,ShimamuraCowes411,Shimamura Helen,1985558888,39
664,KentaryLille411,Kentary Martine,20161555,47
665,PetersenBrickhaven411,Petersen Leslie,6175558428,24
666,RancéSanRafael411,Rancé Susan,4155551450,24
667,deCastroMinato-ku411,de Castro Akiko,81335840555,11
668,KentaryNYC411,Kentary Maria,2125558493,18
669,KentaryPhiladelphia411,Kentary Francisca,2155554695,28
670,CervantesTorino411,Cervantes Paolo,114988555,14
671,BrownSanRafael411,Brown Susan,4155551450,32
672,HashimotoNantes411,Hashimoto Janine,40678555,23
673,HenriotKita-ku411,Henriot Mory,8.11E+11,3
674,DevonWellington411,Devon Sarah,44999555,24
675,HernandezHelsinki411,Hernandez Matti,902248555,28
676,BarajasMadrid411,Barajas Jesus,34913728555,39
677,RovelliStavern411,Rovelli Jonas,7989555,18
678,FeuerBridgewater411,Feuer Julie,2035552570,31
679,JosephsLille411,Josephs Martine,20161555,35
680,LebihanMelbourne411,Lebihan Peter,395204555,34
681,HolzNewark411,Holz William,2015559350,46
682,LeongSingapore411,Leong Wendy,652241555,33
683,ShimamuraLisboa411,Shimamura Isabel,13565555,10
684,FreyreCambridge411,Freyre Marta,6175558555,1
685,GaoBergen411,Gao Veysel,4722673215,6
686,McKennaMunich411,McKenna Michael,4.99E+11,36
687,YoungBridgewater411,Young Julie,2035552570,35
688,NatividadNYC411,Natividad Jeff,2125557413,35
689,MurphyLosAngeles411,Murphy Brian,2155554369,38
690,DaSilvaCentralHongKong411,Da Silva Mike,85222511555,33
691,FergusonReggioEmilia411,Ferguson Maurizio,522556555,36
692,DonnermeyerSingapore411,Donnermeyer Wendy,652241555,30
693,BennettLosAngeles411,Bennett Brian,2155554369,34
694,FresnièreChatswood411,Fresnière Adrian,61294958555,4
695,BrownLiverpool411,Brown Elizabeth,1715552282,44
696,KingVancouver411,King Yoshi,6045553392,46
697,MüllerGlendale411,Müller Mary,3105552373,44
698,LebihanNorthSydney411,Lebihan Anna,299368555,29
699,LeongBridgewater411,Leong Julie,2035552570,18
700,GaoBergamo411,Gao Giovanni,35640555,30
701,TaylorOulu411,Taylor Pirkko,981443655,26
702,FresnièreSingapore411,Fresnière Wendy,652241555,13
703,HolzOslo411,Holz Jan,4722121555,39
704,FresnièreCambridge411,Fresnière Jerry,6175555555,34
705,CalaghanBerlin411,Calaghan Mel,300074555,16
706,FrancoBrickhaven411,Franco Leslie,6175558428,41
707,HuangAuckland411,Huang Mike,6493125555,18
708,McRoyCambridge411,McRoy Marta,6175558555,22
709,HarrisonMontréal411,Harrison Jean,5145558054,6
710,DaSilvaNYC411,Da Silva Michael,2125551500,9
711,LeongTorino411,Leong Paolo,114988555,29
712,FresnièreLisboa411,Fresnière Lino,13542555,39
713,HenriotCork411,Henriot Patricia,2967555,28
714,TsengNewark411,Tseng William,2015559350,24
715,McRoyBrickhaven411,McRoy Leslie,6175558428,29
716,KlossOulu411,Kloss Pirkko,981443655,27
717,PerrierNYC411,Perrier Jeff,2125557413,12
718,NelsonParis411,Nelson Marie,142342555,34
719,TaylorAuckland411,Taylor Wales,6493763555,29
720,O'HaraWhitePlains411,O'Hara Steve,9145554562,15
721,TsengWellington411,Tseng Sarah,44999555,22
722,CiteauxParis411,Citeaux Dominique,147556555,19
723,KoskitaloBoston411,Koskitalo Juri,6175559555,19
724,BennettAllentown411,Bennett Kelvin,2155551555,41
725,GrahamMarseille411,Graham Laurence,91244555,12
726,NelsonBruxelles411,Nelson Catherine,2555467,5
727,FeuerBrickhaven411,Feuer Miguel,6175557555,34
728,SaveleyBrandenburg411,Saveley Philip,55509555,30
729,CervantesNYC411,Cervantes Kwai,2125557818,34
730,MessnerKobenhavn411,Messner Jytte,31123555,30
731,BarajasCentralHongKong411,Barajas Mike,85222511555,40
732,LeongFrankfurt411,Leong Renate,690555984,4
733,deCastroCambridge411,de Castro Jerry,6175555555,39
734,MurphyAuckland411,Murphy Wales,6493763555,14
735,McKennaCowes411,McKenna Helen,1985558888,9
736,BennettBrickhaven411,Bennett Leslie,6175558428,46
737,ShimamuraBoston411,Shimamura Juri,6175559555,26
738,BertrandStavern411,Bertrand Jonas,7989555,17
739,FrickBurlingame411,Frick Juri,6505556809,2
740,KingWarszawa411,King Zbyszek,266427555,11
741,HolzNantes411,Holz Janine,40678555,29
742,CruzBern411,Cruz Braun,452076555,28
743,SaavedraKita-ku411,Saavedra Mory,8.11E+11,23
744,VictorinoBrickhaven411,Victorino Leslie,6175558428,16
745,PfalzheimLisboa411,Pfalzheim Lino,13542555,6
746,NelsonStavern411,Nelson Jonas,7989555,40
747,AccortiCunewalde411,Accorti Horst,372555188,14
748,LeongStrasbourg411,Leong Frédérique,88601555,23
749,KentaryManchester411,Kentary Rachel,1715551555,29
750,FergusonLisboa411,Ferguson Lino,13542555,48
751,KarttunenNewHaven411,Karttunen Keith,2035557845,15
752,HernandezBrickhaven411,Hernandez Leslie,6175558428,48
753,O'HaraCork411,O'Hara Patricia,2967555,28
754,FrankenWarszawa411,Franken Zbyszek,266427555,10
755,RouletVancouver411,Roulet Yoshi,6045553392,37
756,KingCambridge411,King Jerry,6175555555,46
757,BergulfsenCowes411,Bergulfsen Helen,1985558888,11
758,RovelliMontréal411,Rovelli Jean,5145558054,43
759,CervantesMadrid411,Cervantes Alejandra,917456555,39
760,RouletBruxelles411,Roulet Catherine,2555467,43
761,MessnerSanFrancisco411,Messner Julie,6505551386,17
762,CruzBruxelles411,Cruz Catherine,2555467,33
763,deCastroMelbourne411,de Castro Peter,395204555,49
764,KoskitaloWhitePlains411,Koskitalo Steve,9145554562,24
765,BennettSouthBrisbane411,Bennett Ben,61738446555,14
766,MessnerWarszawa411,Messner Zbyszek,266427555,11
767,O'HaraGlendale411,O'Hara Mary,3105552373,7
768,JosephsNYC411,Josephs Michael,2125551500,10
769,CiteauxToulouse411,Citeaux Annette,61776555,44
770,WalkerParis411,Walker Marie,142342555,35
771,LeeSalzburg411,Lee Georg,65629555,31
772,RodriguezStrasbourg411,Rodriguez Frédérique,88601555,5
773,KugerToulouse411,Kuger Annette,61776555,33
774,DonnermeyerNewHaven411,Donnermeyer Keith,2035557845,31
775,KlossFrankfurt411,Kloss Roland,4.97E+11,38
776,PerrierGenève411,Perrier Mihael,897034555,15
777,AccortiWhitePlains411,Accorti Steve,9145554562,48
778,HashimotoLuleå411,Hashimoto Christina,921123555,13
779,HuxleyKobenhavn411,Huxley Jytte,31123555,32
780,LabruneLyon411,Labrune Mary,78325555,37
781,LabruneParis411,Labrune Marie,142342555,35
782,HashimotoParis411,Hashimoto Dominique,147556555,19
783,YoungMelbourne411,Young Peter,395204555,6
784,HernandezHatfield411,Hernandez Armand,27215503555,39
785,FrancoPhiladelphia411,Franco Francisca,2155554695,7
786,WalkerMunich411,Walker Michael,4.99E+11,3
787,BrownAllentown411,Brown Kelvin,2155551555,2
788,LincolnStavern411,Lincoln Jonas,7989555,31
789,RovelliReims411,Rovelli Paul,26471555,22
790,AshworthParis411,Ashworth Marie,142342555,49
791,CervantesMakatiCity411,Cervantes Arnold,6325553587,8
792,BergulfsenLisboa411,Bergulfsen Isabel,13565555,40
793,BennettCork411,Bennett Patricia,2967555,30
794,KarttunenBrandenburg411,Karttunen Philip,55509555,47
795,RancéSanFrancisco411,Rancé Julie,6505551386,41
796,FernandezNashua411,Fernandez Dorothy,6035558647,45
797,BrownSanFrancisco411,Brown Julie,6505555787,24
798,FergusonNantes411,Ferguson Janine,40678555,6
799,NelsonCunewalde411,Nelson Horst,372555188,48
800,BrownDublin411,Brown Dean,35318621555,8
801,KingPasadena411,King Julie,6265557265,47
802,ToniniMinato-ku411,Tonini Akiko,81335840555,10
803,KeitelLille411,Keitel Martine,20161555,48
804,FrancoLasVegas411,Franco Jean,7025551838,46
805,CaminoPhiladelphia411,Camino Francisca,2155554695,1
806,UrsNYC411,Urs Michael,2125551500,23
807,PetersenCambridge411,Petersen Marta,6175558555,8
808,KingAuckland411,King Mike,6493125555,5
809,CaminoMadrid411,Camino Diego,915559444,37
810,CramerCambridge411,Cramer Jerry,6175555555,23
811,MacKinlayMadrid411,MacKinlay Jesus,34913728555,23
812,MoroniBergamo411,Moroni Giovanni,35640555,39
813,ThompsonCunewalde411,Thompson Horst,372555188,22
814,FernandezSalzburg411,Fernandez Georg,65629555,29
815,KoskitaloBrickhaven411,Koskitalo Miguel,6175557555,5
816,CalaghanNewHaven411,Calaghan Keith,2035557845,15
817,RodriguezBergen411,Rodriguez Veysel,4722673215,10
818,ToniniDublin411,Tonini Dean,35318621555,42
819,HuangCambridge411,Huang Jerry,6175555555,36
820,FernandezCharleroi411,Fernandez Pascale,7123672555,15
821,FrancoAmsterdam411,Franco Bradley,31204919555,19
822,YoungKobenhavn411,Young Jytte,31123555,1
823,ThompsonCambridge411,Thompson Jerry,6175555555,14
824,YoungKobenhavn411,Young Jytte,31123555,15
825,ThompsonCowes411,Thompson Helen,1985558888,44
826,McRoyBoston411,McRoy Juri,6175559555,13
827,FrickVersailles411,Frick Daniel,30598555,39
828,DonnermeyerEspoo411,Donnermeyer Kalle,35898045555,38
829,RovelliLyon411,Rovelli Mary,78325555,13
830,MessnerSalzburg411,Messner Georg,65629555,38
831,MessnerMelbourne411,Messner Peter,395204555,16
832,FresnièreParis411,Fresnière Dominique,147556555,45
833,TsengLuleå411,Tseng Christina,921123555,8
834,KoskitaloFrankfurt411,Koskitalo Renate,690555984,13
835,MacKinlayBarcelona411,MacKinlay Eduardo,932034555,22
836,KentaryKöln411,Kentary Henriette,2215554327,16
837,ChandlerCowes411,Chandler Helen,1985558888,20
838,deCastroSanRafael411,de Castro Susan,4155551450,5
839,UrsWarszawa411,Urs Zbyszek,266427555,20
840,ThompsonLille411,Thompson Martine,20161555,17
841,IbsenLiverpool411,Ibsen Elizabeth,1715552282,18
842,CramerGlendale411,Cramer Dan,2035554407,23
843,FeuerSalzburg411,Feuer Georg,65629555,46
844,AshworthMünster411,Ashworth Karin,251555259,22
845,SchuylerAuckland411,Schuyler Wales,6493763555,20
846,JosephsReims411,Josephs Paul,26471555,34
847,CartrainSouthBrisbane411,Cartrain Ben,61738446555,46
848,HuangMunich411,Huang Michael,4.99E+11,26
849,PerrierPhiladelphia411,Perrier Francisca,2155554695,43
850,KarttunenCentralHongKong411,Karttunen Mike,85222511555,41
851,HernandezParis411,Hernandez Dominique,147556555,43
852,RovelliChatswood411,Rovelli Adrian,61294958555,38
853,MüllerNorthSydney411,Müller Anna,299368555,48
854,ShimamuraBrickhaven411,Shimamura Miguel,6175557555,3
855,AndersenReims411,Andersen Paul,26471555,16
856,FreyreCentralHongKong411,Freyre Mike,85222511555,8
857,CaminoSanFrancisco411,Camino Julie,6505551386,42
858,LebihanÅrhus411,Lebihan Palle,86213555,48
859,IbsenBruxelles411,Ibsen Catherine,2555467,40
860,MacKinlayWhitePlains411,MacKinlay Steve,9145554562,49
861,HernandezMontréal411,Hernandez Jean,5145558054,21
862,FrickKita-ku411,Frick Mory,8.11E+11,7
863,McRoyChatswood411,McRoy Adrian,61294958555,44
864,RancéChatswood411,Rancé Adrian,61294958555,49
865,KarttunenBergamo411,Karttunen Giovanni,35640555,29
866,ShimamuraSanFrancisco411,Shimamura Julie,6505555787,31
867,HashimotoStrasbourg411,Hashimoto Frédérique,88601555,46
868,MacKinlayMadrid411,MacKinlay Diego,915559444,49
869,YoungMadrid411,Young Jesus,34913728555,36
870,CartrainEspoo411,Cartrain Kalle,35898045555,17
871,ThompsonBrandenburg411,Thompson Philip,55509555,29
872,VictorinoLisboa411,Victorino Lino,13542555,44
873,CaminoAmsterdam411,Camino Bradley,31204919555,15
874,RodriguezKobenhavn411,Rodriguez Jytte,31123555,44
875,PetersenLisboa411,Petersen Lino,13542555,32
876,KingNYC411,King Michael,2125551500,7
877,BertrandToulouse411,Bertrand Annette,61776555,8
878,WalkerParis411,Walker Marie,142342555,48
879,SaavedraNorthSydney411,Saavedra Anna,299368555,45
880,FrickBruxelles411,Frick Catherine,2555467,13
881,GaoNewBedford411,Gao Wing,5085559555,6
882,RodriguezBrickhaven411,Rodriguez Allen,6175558555,14
883,KeitelBrandenburg411,Keitel Philip,55509555,30
884,FeuerNewBedford411,Feuer Wing,5085559555,34
885,SaveleyNYC411,Saveley Maria,2125558493,46
886,CaminoLosAngeles411,Camino Brian,2155554369,21
887,IbsenWarszawa411,Ibsen Zbyszek,266427555,47
888,LincolnAuckland411,Lincoln Mike,6493125555,11
889,LeongBergamo411,Leong Giovanni,35640555,46
890,CruzSanFrancisco411,Cruz Julie,6505555787,16
891,FrancoLuleå411,Franco Christina,921123555,23
892,KentaryToulouse411,Kentary Annette,61776555,27
893,HenriotNYC411,Henriot Michael,2125551500,20
894,GrahamSingapore411,Graham Wendy,652241555,43
895,SchuylerManchester411,Schuyler Rachel,1715551555,20
896,CruzLosAngeles411,Cruz Brian,2155554369,13
897,FresnièreParis411,Fresnière Daniel,33146627555,41
898,LewisSanFrancisco411,Lewis Julie,6505551386,48
899,AccortiHatfield411,Accorti Armand,27215503555,4
900,AshworthNewark411,Ashworth William,2015559350,34
901,SaavedraBergen411,Saavedra Veysel,4722673215,2
902,FeuerBrickhaven411,Feuer Allen,6175558555,32
903,TsengLyon411,Tseng Mary,78325555,30
904,McKennaNYC411,McKenna Michael,2125551500,7
905,McKennaReggioEmilia411,McKenna Maurizio,522556555,6
906,FrickAmsterdam411,Frick Bradley,31204919555,7
907,CalaghanSalzburg411,Calaghan Georg,65629555,5
908,SaavedraBruxelles411,Saavedra Catherine,2555467,20
909,deCastroKita-ku411,de Castro Mory,8.11E+11,7
910,DeweyNorthSydney411,Dewey Anna,299368555,33
911,NatividadFribourg411,Natividad Ed,41264255001,17
912,HolzBruxelles411,Holz Catherine,2555467,10
913,LeongLuleå411,Leong Christina,921123555,29
914,RancéMunich411,Rancé Michael,4.99E+11,6
915,CassidySingapore411,Cassidy Wendy,652241555,34
916,HuangLuleå411,Huang Christina,921123555,31
917,BennettMadrid411,Bennett Jesus,34913728555,27
918,MurphyFribourg411,Murphy Ed,41264255001,47
919,RovelliVancouver411,Rovelli Yoshi,6045553392,45
920,BrownBerlin411,Brown Mel,300074555,49
921,TamuriPasadena411,Tamuri Julie,6265557265,19
922,ToniniAmsterdam411,Tonini Bradley,31204919555,32
923,HernandezHatfield411,Hernandez Armand,27215503555,15
924,LincolnBrickhaven411,Lincoln Leslie,6175558428,12
925,PetersenAuckland411,Petersen Wales,6493763555,28
926,SaveleyNYC411,Saveley Maria,2125558493,30
927,FernandezMünchen411,Fernandez Peter,890877555,10
928,HarrisonNorthSydney411,Harrison Anna,299368555,5
929,CartrainGlendale411,Cartrain Dan,2035554407,36
930,SaveleyStavern411,Saveley Jonas,7989555,27
931,PiestrzeniewiczÅrhus411,Piestrzeniewicz Palle,86213555,6
932,O'HaraBrandenburg411,O'Hara Philip,55509555,22
933,CaminoStrasbourg411,Camino Frédérique,88601555,2
934,ToniniStavern411,Tonini Jonas,7989555,27
935,YoungParis411,Young Marie,142342555,22
936,BergulfsenBrandenburg411,Bergulfsen Philip,55509555,48
937,CalaghanMarseille411,Calaghan Laurence,91244555,49
938,YoungBurlingame411,Young Juri,6505556809,28
939,UrsHatfield411,Urs Armand,27215503555,45
940,BergulfsenMunich411,Bergulfsen Michael,4.99E+11,44
941,JosephsPhiladelphia411,Josephs Francisca,2155554695,15
942,CalaghanChatswood411,Calaghan Adrian,61294958555,2
943,RouletLille411,Roulet Martine,20161555,11
944,HarrisonChatswood411,Harrison Adrian,61294958555,21
945,BennettSingapore411,Bennett Wendy,652241555,35
946,RovelliLisboa411,Rovelli Isabel,13565555,33
947,MurphyAllentown411,Murphy Kelvin,2155551555,35
948,YoungCork411,Young Patricia,2967555,26
949,HuangSanFrancisco411,Huang Julie,6505555787,48
950,PippsNantes411,Pipps Janine,40678555,21
951,RovelliParis411,Rovelli Daniel,33146627555,40
952,WalkerBruxelles411,Walker Catherine,2555467,3
953,PippsNewark411,Pipps William,2015559350,49
954,WalkerWellington411,Walker Sarah,44999555,24
955,AccortiOulu411,Accorti Pirkko,981443655,41
956,MurphyGlendale411,Murphy Mary,3105552373,4
957,IbsenFrankfurt411,Ibsen Roland,4.97E+11,34
958,SaavedraSouthBrisbane411,Saavedra Ben,61738446555,40
959,SuominenBerlin411,Suominen Mel,300074555,30
960,HuxleyGlendale411,Huxley Dan,2035554407,35
961,FernandezCunewalde411,Fernandez Horst,372555188,25
962,CervantesLondon411,Cervantes Ann,1715550297,27
963,MoroniAuckland411,Moroni Wales,6493763555,45
964,YoungMontréal411,Young Jean,5145558054,47
965,CaminoDublin411,Camino Dean,35318621555,48
966,TamuriFribourg411,Tamuri Ed,41264255001,39
967,HenriotWhitePlains411,Henriot Steve,9145554562,46
968,YoungSanFrancisco411,Young Julie,6505555787,25
969,PfalzheimTsawassen411,Pfalzheim Elizabeth,6045554555,37
970,PfalzheimAuckland411,Pfalzheim Mike,6493125555,38
971,FergusonCambridge411,Ferguson Marta,6175558555,28
972,HuangDublin411,Huang Dean,35318621555,40
973,MüllerAllentown411,Müller Kelvin,2155551555,36
974,SchuylerBarcelona411,Schuyler Eduardo,932034555,23
975,BertrandNYC411,Bertrand Jeff,2125557413,2
976,LabruneToulouse411,Labrune Annette,61776555,16
977,YoungWhitePlains411,Young Steve,9145554562,27
978,ChandlerLille411,Chandler Martine,20161555,32
979,McKennaReims411,McKenna Paul,26471555,23
980,ShimamuraPhiladelphia411,Shimamura Francisca,2155554695,41
981,BarajasBrickhaven411,Barajas Leslie,6175558428,24
982,FrickMontréal411,Frick Jean,5145558054,49
983,NelsonAuckland411,Nelson Mike,6493125555,2
984,AshworthNashua411,Ashworth Dorothy,6035558647,40
985,FeuerMünchen411,Feuer Peter,890877555,41
986,YoungNYC411,Young Maria,2125558493,27
987,BennettParis411,Bennett Dominique,147556555,43
988,FrickMadrid411,Frick Diego,915559444,14
989,KingTorino411,King Paolo,114988555,31
990,SaveleyLyon411,Saveley Mary,78325555,21
991,ThompsonParis411,Thompson Marie,142342555,22
992,WalkerNewBedford411,Walker Wing,5085559555,15
993,TamuriStavern411,Tamuri Jonas,7989555,44
994,PerrierNantes411,Perrier Janine,40678555,8
995,SchuylerGlendale411,Schuyler Mary,3105552373,31
996,RodriguezNYC411,Rodriguez Jeff,2125557413,17
997,KlaeboePasadena411,Klaeboe Julie,6265557265,34
998,SchuylerBrickhaven411,Schuyler Miguel,6175557555,37
999,DeweyWarszawa411,Dewey Zbyszek,266427555,8
1000,AshworthMinato-ku411,Ashworth Akiko,81335840555,33